route,status,title,description,canonical,flags
/blog/engineered-marble-complete-guide,200,Engineered Marble: The Complete Guide (2026),"What engineered marble is, how it's made, costs in the UAE, and where it outperforms natural stone. A specifier's guide.",/blog/engineered-marble-complete-guide,
/blog/quartz-countertops-complete-guide,200,Quartz Countertops: The Complete UAE Guide,"Everything on quartz worktops: composition, heat and stain behaviour, slab sizes, edges, and Dubai pricing.",/blog/quartz-countertops-complete-guide,desc 107ch
/blog/terrazzo-flooring-complete-guide,200,Terrazzo Flooring: The Complete Guide,"Terrazzo composition, tiles vs slabs vs poured, pros and cons, and why it suits UAE villas and commercial floors.",/blog/terrazzo-flooring-complete-guide,desc 113ch
/blog/bathroom-fittings-guide-uae,200,Bathroom Fittings: A UAE Buyer's Guide,"Taps, showers, sanitaryware and finishes that survive UAE hard water. What to specify and what to skip.",/blog/bathroom-fittings-guide-uae,desc 103ch
/blog/marble-care-maintenance-guide,200,Marble Care & Maintenance: The UAE Guide,"How to clean, seal and restore marble in UAE conditions. Products, mistakes, and a maintenance calendar.",/blog/marble-care-maintenance-guide,desc 104ch
/blog/jacuzzi-spa-buyers-guide-uae,200,Jacuzzi & Spa Buyer's Guide for UAE Homes,"Choosing a home jacuzzi or spa in the UAE: types, sizes, installation, running costs, and rooftop rules.",/blog/jacuzzi-spa-buyers-guide-uae,desc 104ch
/blog/quartz-vs-marble,200,Quartz vs Marble: Which Should You Choose?,"Composition, durability, cost and looks compared, with UAE-specific guidance for kitchens, bathrooms and floors.",/blog/quartz-vs-marble,desc 112ch
/blog/engineered-marble-vs-natural-marble,200,Engineered vs Natural Marble: Honest Comparison,"Where engineered marble beats quarried stone, where it doesn't, and how to decide for a UAE project.",/blog/engineered-marble-vs-natural-marble,desc 100ch
/blog/marble-price-dubai,200,Marble Prices in Dubai (2026): Real Ranges,"What marble actually costs per square metre in Dubai, by type and grade, and what drives the price.",/blog/marble-price-dubai,desc 99ch
/blog/marble-slab-supplier-uae-how-to-choose,200,How to Choose a Marble Slab Supplier in UAE,"What separates a serious slab supplier from a trader: stock, viewing, technical support, and after-sales.",/blog/marble-slab-supplier-uae-how-to-choose,desc 105ch
/blog/best-marble-flooring-villa-uae,200,Best Marble for Villa Flooring in the UAE,"Which marbles work for UAE villa floors: light palettes, engineered options, finishes, and slab formats.",/blog/best-marble-flooring-villa-uae,desc 104ch
/blog/marble-bathroom-ideas,200,Marble Bathroom Ideas That Age Well,"Marble bathroom design that outlasts trends: palettes, bookmatching, fluting, and pairing stone with metal finishes.",/blog/marble-bathroom-ideas,desc 116ch
/blog/is-engineered-marble-good-for-kitchens,200,Is Engineered Marble Good for Kitchens?,"Where engineered marble works in kitchens, where quartz is smarter, and how the resin behaves near heat.",/blog/is-engineered-marble-good-for-kitchens,desc 104ch
/blog/quartz-vs-granite-uae,200,Quartz vs Granite for UAE Kitchens,"Hardness, heat, sealing and price compared for the two default worktop stones in the UAE market.",/blog/quartz-vs-granite-uae,desc 96ch
/blog/quartz-slab-sizes-thickness,200,Quartz Slab Sizes & Thickness Explained,"Standard and jumbo quartz slab dimensions, thickness options, and how format drives design and waste.",/blog/quartz-slab-sizes-thickness,desc 101ch
/blog/does-quartz-stain-or-scratch,200,Does Quartz Stain or Scratch? Straight Answers,"What actually damages quartz worktops, what doesn't, and the few habits that keep them flawless.",/blog/does-quartz-stain-or-scratch,desc 96ch
/blog/white-quartz-countertops-styles,200,White Quartz Countertops: Choosing the Right White,"Calacatta-look, Carrara-look and pure whites compared, and which white quartz suits UAE kitchens.",/blog/white-quartz-countertops-styles,desc 97ch
/blog/quartz-countertop-price-dubai,200,Quartz Countertop Prices in Dubai (2026),"Quartz slab pricing in AED, what drives the quote, and how to compare offers.",/blog/quartz-countertop-price-dubai,desc 77ch
/blog/terrazzo-pros-and-cons,200,"Terrazzo Flooring: Pros and Cons, Honestly","The genuine advantages and drawbacks of terrazzo, and who should and shouldn't choose it.",/blog/terrazzo-pros-and-cons,desc 89ch
/blog/terrazzo-tiles-vs-slabs,200,Terrazzo Tiles vs Slabs vs Poured: Which Format?,"Three ways to get a terrazzo floor compared: cost, speed, joints and where each format wins.",/blog/terrazzo-tiles-vs-slabs,desc 92ch
/blog/terrazzo-kitchen-bathroom,200,Terrazzo in Kitchens & Bathrooms: What Works,"Using terrazzo beyond floors: worktops, walls, showers, and the finishes that make wet areas safe.",/blog/terrazzo-kitchen-bathroom,desc 98ch
/blog/terrazzo-design-trends-2026,200,Terrazzo Design in 2026: Beyond the Speckle,"Where terrazzo design is going: oversized chips, fluting, tonal palettes and terrazzo furniture.",/blog/terrazzo-design-trends-2026,desc 96ch
/blog/best-bathroom-brands-uae,200,Best Bathroom Brands in the UAE: Honest Tiers,"The sanitaryware and fittings brands that matter in the UAE market, tiered by build quality and value.",/blog/best-bathroom-brands-uae,desc 102ch
/blog/how-to-choose-shower-system,200,How to Choose a Shower System,"Rain heads, hand showers, thermostatics and concealed valves explained, sized for UAE water pressure.",/blog/how-to-choose-shower-system,desc 101ch
/blog/wall-hung-vs-floor-mounted-toilet,200,Wall-Hung vs Floor-Mounted Toilets,"The real differences: cleaning, cost, installation and reliability, decided for UAE apartments and villas.",/blog/wall-hung-vs-floor-mounted-toilet,desc 106ch
/blog/black-vs-brushed-metal-bathroom-finishes,200,Matte Black vs Brushed Metals in Bathrooms,"How black, brass, graphite and blush gold finishes wear in UAE water, and how to choose one family.",/blog/black-vs-brushed-metal-bathroom-finishes,desc 99ch
/blog/small-bathroom-design-uae,200,Small Bathroom Design That Feels Larger,"Layout, large-format stone, wall-hung fittings and light: making compact UAE bathrooms feel generous.",/blog/small-bathroom-design-uae,desc 101ch
/blog/how-to-clean-marble-floors-uae,200,How to Clean Marble Floors in the UAE,"The correct daily and weekly routine for marble in sandy, hard-water conditions, and what never to use.",/blog/how-to-clean-marble-floors-uae,desc 103ch
/blog/remove-stains-from-marble,200,How to Remove Stains from Marble,"Poultice methods by stain type: oil, tea, rust, ink, and when a mark is an etch, not a stain.",/blog/remove-stains-from-marble,desc 93ch
/blog/how-to-seal-marble,200,How to Seal Marble (And When Not To),"Choosing and applying impregnating sealers, testing whether stone needs sealing, and honest limits.",/blog/how-to-seal-marble,desc 99ch
/blog/marble-etching-vs-staining,200,Marble Etching vs Staining: Know the Difference,"Why the distinction decides the fix, how to diagnose in ten seconds, and the repair path for each.",/blog/marble-etching-vs-staining,desc 98ch
/blog/stone-cleaning-products-guide,200,Stone Cleaning Products: What to Use Where,"A straight guide to neutral cleaners, degreasers, rust removers and protectors across marble, quartz and terrazzo.",/blog/stone-cleaning-products-guide,desc 114ch
/blog/jacuzzi-vs-hot-tub-vs-spa,200,Jacuzzi vs Hot Tub vs Spa: The Differences,"What the three terms actually mean, whirlpool baths vs outdoor spas, and which fits a UAE home.",/blog/jacuzzi-vs-hot-tub-vs-spa,desc 95ch
/blog/jacuzzi-maintenance-uae,200,Jacuzzi & Spa Maintenance in the UAE,"Water care, filters and covers in high heat: keeping a spa clean and cool through a Gulf summer.",/blog/jacuzzi-maintenance-uae,desc 96ch
/blog/whirlpool-bath-installation-guide,200,Whirlpool Bath Installation: What to Plan,"Plumbing, power, access panels and structure: the decisions before a whirlpool bath goes in.",/blog/whirlpool-bath-installation-guide,desc 92ch
/blog/engineered-stone-vs-porcelain-slabs,200,Engineered Stone vs Porcelain Slabs,"Quartz and engineered marble against large-format porcelain: performance, cost, edges and repair.",/blog/engineered-stone-vs-porcelain-slabs,desc 97ch
/blog/commercial-flooring-stone-guide,200,Stone Flooring for Commercial Spaces in UAE,"Specifying terrazzo, engineered marble and quartz for retail, hospitality and office floors: traffic, slip, upkeep.",/blog/commercial-flooring-stone-guide,desc 115ch
/blog/how-to-choose-bathroom-vanity-top,200,Choosing a Bathroom Vanity Top,"Quartz, engineered marble and integrated basins compared for the surface that takes the most daily abuse.",/blog/how-to-choose-bathroom-vanity-top,desc 105ch
/blog/marble-look-without-natural-marble,200,The Marble Look Without Natural Marble,"Engineered marble, veined quartz and porcelain ranked by how convincingly each delivers marble's look.",/blog/marble-look-without-natural-marble,desc 102ch
/blog/kalingastone-price-uae,200,KalingaStone Price in the UAE (2026): Real AED Ranges,"What KalingaStone quartz, marble and terrazzo slabs actually cost in the UAE, in AED, from the authorized reseller's own racks.",/blog/kalingastone-price-uae,
/blog/kalingastone-vs-caesarstone,200,KalingaStone vs Caesarstone: The UAE Comparison,"Two engineered stone brands compared for UAE buyers: range, slab formats, certifications, price bands and where each wins.",/blog/kalingastone-vs-caesarstone,
/blog/quartz-countertops-sharjah,200,"Quartz Countertops in Sharjah: Supplier, Prices, Stock","Quartz worktops for Sharjah projects: real AED ranges, slab stock at Al Sajaa, delivery zones and how trade buyers order.",/blog/quartz-countertops-sharjah,
/blog/hard-water-stains-on-marble,200,Hard Water Stains on Marble: The UAE Fix,"Why UAE tap water marks marble, how to remove mineral deposits safely, and the habits that stop the white film returning.",/blog/hard-water-stains-on-marble,
/blog/jaquar-vs-grohe,200,Jaquar vs Grohe: An Honest UAE Comparison,"Cartridges, finishes, spares and price compared for the two bathroom brands UAE buyers shortlist most, with a clear verdict by project type.",/blog/jaquar-vs-grohe,
/blog/category/stone-guides,200,Stone Guides - The Journal - Global Classic UAE,"Engineered marble, quartz and terrazzo explained the way specifiers need them explained: composition, honest comparisons, formats and where each surface...",/blog/category/stone-guides,
/blog/category/care-maintenance,200,Care & Maintenance - The Journal - Global Classic UAE,"Stone fails in the UAE for local reasons: sand underfoot, hard water on vanities, acids in the kitchen and heat everywhere. This cluster covers the whole...",/blog/category/care-maintenance,
/blog/category/bathrooms,200,Bathrooms - The Journal - Global Classic UAE,"Taps, showers, sanitaryware and the finishes that survive desalinated hard water. These guides tier the brands honestly, explain PVD coatings, size shower...",/blog/category/bathrooms,
/blog/category/wellness,200,Wellness & Spa - The Journal - Global Classic UAE,"Whirlpool baths, spas and the physics of enjoying hot water in a hot country. The UAE inverts spa ownership: chillers matter as much as heaters, covers...",/blog/category/wellness,
/blog/category/buying-guides,200,Buying Guides - The Journal - Global Classic UAE,"Prices in honest AED ranges, quote comparisons that expose weak suppliers, and specification advice for commercial floors. This cluster exists because...",/blog/category/buying-guides,
/,200,Marble Slab Supplier UAE - Global Classic Building Materials,"Wholesale marble, quartz and terrazzo slabs, Jaquar bathware and FILA care from Sharjah - KalingaStone authorized reseller, AED trade pricing, UAE delivery.",,
/products,200,"KalingaStone, Jaquar & FILA Products - Global Classic UAE","Quartz, engineered marble and terrazzo slabs, Jaquar bathware and FILA surface care - stocked in Sharjah and supplied wholesale across the UAE in AED.",/products,
/kalingastone,200,KalingaStone UAE - Authorized Reseller | Global Classic,"KalingaStone engineered quartz, marble and terrazzo in the UAE - 128 shades stocked as full slabs in Sharjah by an authorized reseller, AED trade pricing.",/kalingastone,
/kalingastone/quartz,200,KalingaStone Quartz Slabs UAE - 69 Shades | Global Classic,"The complete KalingaStone quartz range in the UAE - 69 shades across 7 series, NSF food safe, slabs up to 3300 x 2000 mm, stocked and supplied from Sharjah.",/kalingastone/quartz,
/kalingastone/marble,200,KalingaStone Marble Slabs UAE - 35 Shades | Global Classic,"The complete KalingaStone engineered marble range in the UAE - 35 shades across 5 series, 304 x 125 cm slabs, repolishable, stocked and supplied from Sharjah.",/kalingastone/marble,
/kalingastone/terrazzo,200,KalingaStone Terrazzo Slabs UAE - 24 Shades | Global Classic,"The complete KalingaStone terrazzo range in the UAE - 24 shades across 5 collections, A1 fire class, exterior ready, stocked and supplied from Sharjah.",/kalingastone/terrazzo,
/kalingastone/terrazzo/fluting,200,Fluted Terrazzo Panels UAE - KalingaStone Fluting,"KalingaStone's fluting programme - shallow machined grooves across terrazzo slabs. Nine catalogued samples from Ceppo to Exotic Green, supplied from Sharjah.",/kalingastone/terrazzo/fluting,
/jaquar,200,Jaquar Dealer UAE - Bathroom Fittings Price | Global Classic,"Authorized Jaquar dealer in the UAE - faucets, basins, WCs, showers, wellness and water heaters from Sharjah stock. 1,480 products with SKUs, AED trade pricing.",/jaquar,
/about,200,"About Us - Lapiz Group, Sharjah - Global Classic UAE","A 2024 Sharjah company in the Lapiz Group - KalingaStone slabs, Jaquar and FILA stocked at Al Sajaa for project buyers and BOQ supply across the UAE.",/about,
/blog,200,The Journal - Global Classic UAE,"Field notes from the slab trade: honest guides to engineered marble, quartz, terrazzo, bathroom fittings and stone care, written for UAE project buyers.",/blog,
/contact,200,Contact - AED Quotes & Trade Pricing - Global Classic UAE,"Send a BOQ, spec or idea to Global Classic, Sharjah - AED quotes on KalingaStone slabs, Jaquar and FILA within one working day, delivery across the UAE.",/contact,
/privacy-policy,200,Privacy Policy - Global Classic UAE,"How Global Classic Building Materials collects, uses and protects personal information on this website - data, cookies, contact details and your rights.",/privacy-policy,
/terms,200,Terms & Conditions - Global Classic UAE,"The terms governing use of the Global Classic Building Materials website - content, trademarks, liability and the laws of the United Arab Emirates.",/terms,
/jaquar/faucets,200,Jaquar Faucets UAE - Dealer Price & Supply | Global Classic,"Jaquar faucets in the UAE - 37 collections with SKUs, specs and official imagery. AED trade pricing from Sharjah stock, dealer warranty honoured.",/jaquar/faucets,
/jaquar/faucets/aria,200,Jaquar Aria UAE - Faucets - Price & SKUs | Global Classic,"Jaquar Aria in the UAE - all 32 catalogue products with SKUs and finishes. AED trade pricing from Sharjah stock, Jaquar warranty honoured.",/jaquar/faucets/aria,
/jaquar/faucets/kubix-prime,200,Jaquar Kubix Prime UAE - Faucets - Price & SKUs,"Jaquar Kubix Prime in the UAE - all 31 catalogue products with SKUs and finishes. AED trade pricing from Sharjah stock, Jaquar warranty honoured.",/jaquar/faucets/kubix-prime,
/jaquar/faucets/fusion-prime,200,Jaquar Fusion Prime UAE - Faucets - Price & SKUs,"Jaquar Fusion Prime in the UAE - the full range with specifications, finishes and official imagery. Delivery to every emirate.",/jaquar/faucets/fusion-prime,
/jaquar/faucets/laguna,200,Jaquar Laguna UAE - Faucets - Price & SKUs | Global Classic,"Jaquar Laguna in the UAE - all 33 catalogue products with SKUs and finishes. AED trade pricing from Sharjah stock, Jaquar warranty honoured.",/jaquar/faucets/laguna,
/jaquar/faucets/continental-prime,200,Jaquar Continental Prime UAE - Faucets - Price & SKUs,"Jaquar Continental Prime in the UAE - all 28 catalogue products with SKUs and finishes. AED trade pricing from Sharjah stock, Jaquar warranty honoured.",/jaquar/faucets/continental-prime,
/jaquar/faucets/sensor-taps,200,Jaquar Sensor Taps UAE - Faucets - Price & SKUs,"Jaquar Sensor Taps in the UAE - all 48 catalogue products with SKUs and finishes. AED trade pricing from Sharjah stock, Jaquar warranty honoured.",/jaquar/faucets/sensor-taps,
/jaquar/faucets/opal-prime,200,Jaquar Opal Prime UAE - Faucets - Price & SKUs,"Jaquar Opal Prime in the UAE - all 29 catalogue products with SKUs and finishes. AED trade pricing from Sharjah stock, Jaquar warranty honoured.",/jaquar/faucets/opal-prime,
/jaquar/faucets/vignette-prime,200,Jaquar Vignette Prime UAE - Faucets - Price & SKUs,"Jaquar Vignette Prime in the UAE - all 31 catalogue products with SKUs and finishes. AED trade pricing from Sharjah stock, Jaquar warranty honoured.",/jaquar/faucets/vignette-prime,
/jaquar/faucets/ornamix-prime,200,Jaquar Ornamix Prime UAE - Faucets - Price & SKUs,"Jaquar Ornamix Prime in the UAE - all 30 catalogue products with SKUs and finishes. AED trade pricing from Sharjah stock, Jaquar warranty honoured.",/jaquar/faucets/ornamix-prime,
/jaquar/faucets/alive,200,Jaquar Alive UAE - Faucets - Price & SKUs | Global Classic,"Jaquar Alive in the UAE - all 24 catalogue products with SKUs and finishes. AED trade pricing from Sharjah stock, Jaquar warranty honoured.",/jaquar/faucets/alive,
/jaquar/faucets/queens-prime,200,Jaquar Queen's Prime UAE - Faucets - Price & SKUs,"Jaquar Queen's Prime in the UAE - all 27 catalogue products with SKUs and finishes. AED trade pricing from Sharjah stock, Jaquar warranty honoured.",/jaquar/faucets/queens-prime,
/jaquar/faucets/queens,200,Jaquar Queen's UAE - Faucets - Price & SKUs | Global Classic,"Jaquar Queen's in the UAE - all 29 catalogue products with SKUs and finishes. AED trade pricing from Sharjah stock, Jaquar warranty honoured.",/jaquar/faucets/queens,
/jaquar/faucets/rendezvous,200,Jaquar Rendezvous UAE - Faucets - Price & SKUs,"Jaquar Rendezvous in the UAE - all 13 catalogue products with SKUs and finishes. AED trade pricing from Sharjah stock, Jaquar warranty honoured.",/jaquar/faucets/rendezvous,
/jaquar/faucets/lyric,200,Jaquar Lyric UAE - Faucets - Price & SKUs | Global Classic,"Jaquar Lyric in the UAE - all 29 catalogue products with SKUs and finishes. AED trade pricing from Sharjah stock, Jaquar warranty honoured.",/jaquar/faucets/lyric,
/jaquar/faucets/solo,200,Jaquar Solo UAE - Faucets - Price & SKUs | Global Classic,"Jaquar Solo in the UAE - all 56 catalogue products with SKUs and finishes. AED trade pricing from Sharjah stock, Jaquar warranty honoured.",/jaquar/faucets/solo,
/jaquar/faucets/florentine,200,Jaquar Florentine UAE - Faucets - Price & SKUs,"Jaquar Florentine in the UAE - all 67 catalogue products with SKUs and finishes. AED trade pricing from Sharjah stock, Jaquar warranty honoured.",/jaquar/faucets/florentine,
/jaquar/faucets/florentine-prime,200,Jaquar Florentine Prime UAE - Faucets - Price & SKUs,"Jaquar Florentine Prime in the UAE - all 35 catalogue products with SKUs and finishes. AED trade pricing from Sharjah stock, Jaquar warranty honoured.",/jaquar/faucets/florentine-prime,
/jaquar/faucets/continental,200,Jaquar Continental UAE - Faucets - Price & SKUs,"Jaquar Continental in the UAE - all 23 catalogue products with SKUs and finishes. AED trade pricing from Sharjah stock, Jaquar warranty honoured.",/jaquar/faucets/continental,
/jaquar/faucets/astra,200,Jaquar Astra UAE - Faucets - Price & SKUs | Global Classic,"Jaquar Astra in the UAE - all 14 catalogue products with SKUs and finishes. AED trade pricing from Sharjah stock, Jaquar warranty honoured.",/jaquar/faucets/astra,
/jaquar/faucets/arc,200,Jaquar Arc UAE - Faucets - Price & SKUs | Global Classic,"Jaquar Arc in the UAE - all 10 catalogue products with SKUs and finishes. AED trade pricing from Sharjah stock, Jaquar warranty honoured.",/jaquar/faucets/arc,
/jaquar/faucets/pressmatic,200,Jaquar Pressmatic Taps UAE - Faucets - Price & SKUs,"Jaquar Pressmatic Taps in the UAE - all 14 catalogue products with SKUs and finishes. AED trade pricing from Sharjah stock, Jaquar warranty honoured.",/jaquar/faucets/pressmatic,
/jaquar/faucets/medi-series,200,Jaquar Medi Series UAE - Faucets - Price & SKUs,"Jaquar Medi Series in the UAE - all 4 catalogue products with SKUs and finishes. AED trade pricing from Sharjah stock, Jaquar warranty honoured.",/jaquar/faucets/medi-series,
/jaquar/faucets/floor-mounted,200,Jaquar Floor Mounted UAE - Faucets - Price & SKUs,"Jaquar Floor Mounted in the UAE - all 13 catalogue products with SKUs and finishes. AED trade pricing from Sharjah stock, Jaquar warranty honoured.",/jaquar/faucets/floor-mounted,
/jaquar/faucets/eko,200,Jaquar Eko UAE - Faucets - Price & SKUs | Global Classic,"Jaquar Eko in the UAE - all 23 catalogue products with SKUs and finishes. AED trade pricing from Sharjah stock, Jaquar warranty honoured.",/jaquar/faucets/eko,
/jaquar/faucets/fusion,200,Jaquar Fusion UAE - Faucets - Price & SKUs | Global Classic,"Jaquar Fusion in the UAE - all 40 catalogue products with SKUs and finishes. AED trade pricing from Sharjah stock, Jaquar warranty honoured.",/jaquar/faucets/fusion,
/jaquar/faucets/allied,200,Jaquar Allied UAE - Faucets - Price & SKUs | Global Classic,"Jaquar Allied in the UAE - all 40 catalogue products with SKUs and finishes. AED trade pricing from Sharjah stock, Jaquar warranty honoured.",/jaquar/faucets/allied,
/jaquar/faucets/aquamax-thermostat,200,Jaquar Aquamax Thermostat UAE - Faucets - Price & SKUs,"Jaquar Aquamax Thermostat in the UAE - all 50 catalogue products with SKUs and finishes. AED trade pricing from Sharjah stock, Jaquar warranty honoured.",/jaquar/faucets/aquamax-thermostat,
/jaquar/faucets/thermostatic-mixers,200,Jaquar Thermostatic Mixers UAE - Faucets - Price & SKUs,"Jaquar Thermostatic Mixers in the UAE - all 19 catalogue products with SKUs and finishes. AED trade pricing from Sharjah stock, Jaquar warranty honoured.",/jaquar/faucets/thermostatic-mixers,
/jaquar/faucets/bathtub-spouts,200,Jaquar Bathtub Spouts UAE - Faucets - Price & SKUs,"Jaquar Bathtub Spouts in the UAE - all 38 catalogue products with SKUs and finishes. AED trade pricing from Sharjah stock, Jaquar warranty honoured.",/jaquar/faucets/bathtub-spouts,
/jaquar/faucets/spout-operating-taps,200,Jaquar Spout Operating Taps UAE - Faucets - Price & SKUs,"Jaquar Spout Operating Taps in the UAE - all 2 catalogue products with SKUs and finishes. AED trade pricing from Sharjah stock, Jaquar warranty honoured.",/jaquar/faucets/spout-operating-taps,
/jaquar/faucets/taps,200,Jaquar Taps - Quarter Turn & Classic UAE - Faucets,Jaquar Taps - Quarter Turn & Classic in the UAE - all 128 catalogue products with SKUs and finishes. Delivery to every emirate.,/jaquar/faucets/taps,
/jaquar/faucets/continental-accessories,200,Jaquar Continental Accessories UAE - Faucets - Price & SKUs,"Jaquar Continental Accessories in the UAE - all 30 catalogue products with SKUs and finishes. AED trade pricing from Sharjah stock, Jaquar warranty honoured.",/jaquar/faucets/continental-accessories,
/jaquar/faucets/continental-prime-accessories,200,Jaquar Continental Prime Accessories UAE - Faucets,Jaquar Continental Prime Accessories in the UAE - all 20 catalogue products with SKUs and finishes. Delivery to every emirate.,/jaquar/faucets/continental-prime-accessories,
/jaquar/faucets/kubix-prime-accessories,200,Jaquar Kubix Prime Accessories UAE - Faucets - Price & SKUs,"Jaquar Kubix Prime Accessories in the UAE - all 20 catalogue products with SKUs and finishes. AED trade pricing from Sharjah stock, Jaquar warranty honoured.",/jaquar/faucets/kubix-prime-accessories,
/jaquar/faucets/queens-accessories,200,Jaquar Queen's Accessories UAE - Faucets - Price & SKUs,"Jaquar Queen's Accessories in the UAE - all 10 catalogue products with SKUs and finishes. AED trade pricing from Sharjah stock, Jaquar warranty honoured.",/jaquar/faucets/queens-accessories,
/jaquar/faucets/rendezvous-crystal,200,Jaquar Rendezvous Crystal Collection UAE - Faucets,Jaquar Rendezvous Crystal Collection in the UAE - all 9 catalogue products with SKUs and finishes. Delivery to every emirate. BOQ quotes within one working day.,/jaquar/faucets/rendezvous-crystal,
/jaquar/faucets/combo-pack,200,Jaquar Combo Pack UAE - Faucets - Price & SKUs,"Jaquar Combo Pack in the UAE - all 7 catalogue products with SKUs and finishes. AED trade pricing from Sharjah stock, Jaquar warranty honoured.",/jaquar/faucets/combo-pack,
/jaquar/wash-basins,200,Jaquar Wash Basins UAE - Dealer Price & Supply,"Jaquar wash basins in the UAE - 7 collections with SKUs, specs and official imagery. AED trade pricing from Sharjah stock, dealer warranty honoured.",/jaquar/wash-basins,
/jaquar/wash-basins/table-top,200,Jaquar Table Top Basins UAE - Price & SKUs | Global Classic,"Jaquar Table Top Basins in the UAE - all 49 catalogue products with SKUs and finishes. AED trade pricing from Sharjah stock, Jaquar warranty honoured.",/jaquar/wash-basins/table-top,
/jaquar/wash-basins/counter-top,200,Jaquar Counter Top Basins UAE - Price & SKUs,"Jaquar Counter Top Basins in the UAE - all 5 catalogue products with SKUs and finishes. AED trade pricing from Sharjah stock, Jaquar warranty honoured.",/jaquar/wash-basins/counter-top,
/jaquar/wash-basins/under-counter,200,Jaquar Under Counter Basins UAE - Price & SKUs,"Jaquar Under Counter Basins in the UAE - all 9 catalogue products with SKUs and finishes. AED trade pricing from Sharjah stock, Jaquar warranty honoured.",/jaquar/wash-basins/under-counter,
/jaquar/wash-basins/wall-hung-basins,200,Jaquar Wall Hung Basins UAE - Price & SKUs | Global Classic,"Jaquar Wall Hung Basins in the UAE - all 21 catalogue products with SKUs and finishes. AED trade pricing from Sharjah stock, Jaquar warranty honoured.",/jaquar/wash-basins/wall-hung-basins,
/jaquar/wash-basins/pedestals,200,Jaquar Pedestals UAE - Wash Basins - Price & SKUs,"Jaquar Pedestals in the UAE - all 19 catalogue products with SKUs and finishes. AED trade pricing from Sharjah stock, Jaquar warranty honoured.",/jaquar/wash-basins/pedestals,
/jaquar/wash-basins/semi-recessed-corner,200,Jaquar Semi Recessed & Corner Basins UAE - Price & SKUs,Jaquar Semi Recessed & Corner Basins in the UAE - all 3 catalogue products with SKUs and finishes. Delivery to every emirate. BOQ quotes within one working day.,/jaquar/wash-basins/semi-recessed-corner,
/jaquar/wash-basins/washroom-equipment,200,Jaquar Washroom Equipment UAE - Wash Basins - Price & SKUs,"Jaquar Washroom Equipment in the UAE - all 12 catalogue products with SKUs and finishes. AED trade pricing from Sharjah stock, Jaquar warranty honoured.",/jaquar/wash-basins/washroom-equipment,
/jaquar/water-closets,200,Jaquar Water Closets UAE - Dealer Price & Supply,"Jaquar water closets in the UAE - 10 collections with SKUs, specs and official imagery. AED trade pricing from Sharjah stock, dealer warranty honoured.",/jaquar/water-closets,
/jaquar/water-closets/wall-hung-wcs,200,Jaquar Wall Hung WCs UAE - Water Closets - Price & SKUs,"Jaquar Wall Hung WCs in the UAE - all 26 catalogue products with SKUs and finishes. AED trade pricing from Sharjah stock, Jaquar warranty honoured.",/jaquar/water-closets/wall-hung-wcs,
/jaquar/water-closets/floor-mounted-wcs,200,Jaquar Floor Mounted WCs UAE - Water Closets - Price & SKUs,"Jaquar Floor Mounted WCs in the UAE - all 50 catalogue products with SKUs and finishes. AED trade pricing from Sharjah stock, Jaquar warranty honoured.",/jaquar/water-closets/floor-mounted-wcs,
/jaquar/water-closets/smart-wcs,200,Jaquar Smart & Sensor WCs UAE - Water Closets - Price & SKUs,"Jaquar Smart & Sensor WCs in the UAE - all 15 catalogue products with SKUs and finishes. AED trade pricing from Sharjah stock, Jaquar warranty honoured.",/jaquar/water-closets/smart-wcs,
/jaquar/water-closets/bidets,200,Jaquar Bidets UAE - Water Closets - Price & SKUs,"Jaquar Bidets in the UAE - all 14 catalogue products with SKUs and finishes. AED trade pricing from Sharjah stock, Jaquar warranty honoured.",/jaquar/water-closets/bidets,
/jaquar/water-closets/urinals,200,Jaquar Urinals UAE - Water Closets - Price & SKUs,"Jaquar Urinals in the UAE - all 5 catalogue products with SKUs and finishes. AED trade pricing from Sharjah stock, Jaquar warranty honoured.",/jaquar/water-closets/urinals,
/jaquar/water-closets/accessible,200,Jaquar Accessible WCs & Basins UAE - Water Closets,"Jaquar Accessible WCs & Basins in the UAE - all 4 catalogue products with SKUs and finishes. AED trade pricing from Sharjah stock, Jaquar warranty honoured.",/jaquar/water-closets/accessible,
/jaquar/water-closets/i-flush,200,Jaquar i-Flush UAE - Water Closets - Price & SKUs,"Jaquar i-Flush in the UAE - all 7 catalogue products with SKUs and finishes. AED trade pricing from Sharjah stock, Jaquar warranty honoured.",/jaquar/water-closets/i-flush,
/jaquar/water-closets/flush-valves,200,Jaquar Flush Valves UAE - Water Closets - Price & SKUs,"Jaquar Flush Valves in the UAE - all 13 catalogue products with SKUs and finishes. AED trade pricing from Sharjah stock, Jaquar warranty honoured.",/jaquar/water-closets/flush-valves,
/jaquar/water-closets/cisterns,200,Jaquar In-Wall Cisterns UAE - Water Closets - Price & SKUs,"Jaquar In-Wall Cisterns in the UAE - all 10 catalogue products with SKUs and finishes. AED trade pricing from Sharjah stock, Jaquar warranty honoured.",/jaquar/water-closets/cisterns,
/jaquar/water-closets/flush-plates,200,Jaquar Flush Plates UAE - Water Closets - Price & SKUs,"Jaquar Flush Plates in the UAE - all 11 catalogue products with SKUs and finishes. AED trade pricing from Sharjah stock, Jaquar warranty honoured.",/jaquar/water-closets/flush-plates,
/jaquar/showers,200,Jaquar Showers & Enclosures UAE - Dealer Price & Supply,"Jaquar showers & enclosures in the UAE - 12 collections with SKUs, specs and official imagery. AED trade pricing from Sharjah stock, dealer warranty honoured.",/jaquar/showers,
/jaquar/showers/overhead-showers,200,Jaquar Overhead Showers UAE - Price & SKUs | Global Classic,"Jaquar Overhead Showers in the UAE - all 50 catalogue products with SKUs and finishes. AED trade pricing from Sharjah stock, Jaquar warranty honoured.",/jaquar/showers/overhead-showers,
/jaquar/showers/octane-showers,200,Jaquar Octane Showers UAE - Price & SKUs | Global Classic,"Jaquar Octane Showers in the UAE - the full range with specifications, finishes and official imagery. Delivery to every emirate.",/jaquar/showers/octane-showers,
/jaquar/showers/hand-showers,200,Jaquar Hand Showers UAE - Price & SKUs | Global Classic,"Jaquar Hand Showers in the UAE - all 14 catalogue products with SKUs and finishes. AED trade pricing from Sharjah stock, Jaquar warranty honoured.",/jaquar/showers/hand-showers,
/jaquar/showers/cloud-shower,200,Jaquar Cloud Shower UAE - Showers & Enclosures,"Jaquar Cloud Shower in the UAE - all 6 catalogue products with SKUs and finishes. AED trade pricing from Sharjah stock, Jaquar warranty honoured.",/jaquar/showers/cloud-shower,
/jaquar/showers/body-showers,200,Jaquar Body Showers UAE - Price & SKUs | Global Classic,"Jaquar Body Showers in the UAE - all 3 catalogue products with SKUs and finishes. AED trade pricing from Sharjah stock, Jaquar warranty honoured.",/jaquar/showers/body-showers,
/jaquar/showers/shower-panels,200,Jaquar Shower Panels UAE - Showers & Enclosures,"Jaquar Shower Panels in the UAE - all 11 catalogue products with SKUs and finishes. AED trade pricing from Sharjah stock, Jaquar warranty honoured.",/jaquar/showers/shower-panels,
/jaquar/showers/shower-accessories,200,Jaquar Shower Accessories UAE - Showers & Enclosures,"Jaquar Shower Accessories in the UAE - all 39 catalogue products with SKUs and finishes. AED trade pricing from Sharjah stock, Jaquar warranty honoured.",/jaquar/showers/shower-accessories,
/jaquar/showers/ritz-collection,200,Jaquar Ritz Collection UAE - Showers & Enclosures,"Jaquar Ritz Collection in the UAE - the full range with specifications, finishes and official imagery. Delivery to every emirate.",/jaquar/showers/ritz-collection,
/jaquar/showers/frameless,200,Jaquar Frameless Enclosures UAE - Price & SKUs,"Jaquar Frameless Enclosures in the UAE - the full range with specifications, finishes and official imagery. Delivery to every emirate.",/jaquar/showers/frameless,
/jaquar/showers/framed,200,Jaquar Framed Enclosures UAE - Price & SKUs | Global Classic,"Jaquar Framed Enclosures in the UAE - the full range with specifications, finishes and official imagery. Delivery to every emirate.",/jaquar/showers/framed,
/jaquar/showers/sliding-range,200,Jaquar Sliding Range UAE - Showers & Enclosures,"Jaquar Sliding Range in the UAE - the full range with specifications, finishes and official imagery. Delivery to every emirate.",/jaquar/showers/sliding-range,
/jaquar/showers/shower-tray,200,Jaquar Shower Trays UAE - Showers & Enclosures,"Jaquar Shower Trays in the UAE - the full range with specifications, finishes and official imagery. Delivery to every emirate.",/jaquar/showers/shower-tray,
/jaquar/wellness,200,Jaquar Wellness UAE - Dealer Price & Supply | Global Classic,"Jaquar wellness in the UAE - 17 collections with SKUs, specs and official imagery. AED trade pricing from Sharjah stock, dealer warranty honoured.",/jaquar/wellness,
/jaquar/wellness/freestanding-bathtubs,200,Jaquar Freestanding Bathtubs UAE - Wellness - Price & SKUs,"Jaquar Freestanding Bathtubs in the UAE - all 8 catalogue products with SKUs and finishes. AED trade pricing from Sharjah stock, Jaquar warranty honoured.",/jaquar/wellness/freestanding-bathtubs,
/jaquar/wellness/built-in-bathtubs,200,Jaquar Built-In Bathtubs UAE - Wellness - Price & SKUs,"Jaquar Built-In Bathtubs in the UAE - all 30 catalogue products with SKUs and finishes. AED trade pricing from Sharjah stock, Jaquar warranty honoured.",/jaquar/wellness/built-in-bathtubs,
/jaquar/wellness/bathtub-accessories,200,Jaquar Bathtub Accessories UAE - Wellness - Price & SKUs,"Jaquar Bathtub Accessories in the UAE - all 7 catalogue products with SKUs and finishes. AED trade pricing from Sharjah stock, Jaquar warranty honoured.",/jaquar/wellness/bathtub-accessories,
/jaquar/wellness/arc,200,Jaquar Arc UAE - Wellness - Price & SKUs | Global Classic,"Jaquar Arc in the UAE - all 3 catalogue products with SKUs and finishes. AED trade pricing from Sharjah stock, Jaquar warranty honoured.",/jaquar/wellness/arc,
/jaquar/wellness/kubix-prime,200,Jaquar Kubix Prime UAE - Wellness - Price & SKUs,"Jaquar Kubix Prime in the UAE - all 3 catalogue products with SKUs and finishes. AED trade pricing from Sharjah stock, Jaquar warranty honoured.",/jaquar/wellness/kubix-prime,
/jaquar/wellness/opal-prime,200,Jaquar Opal Prime UAE - Wellness - Price & SKUs,"Jaquar Opal Prime in the UAE - all 3 catalogue products with SKUs and finishes. AED trade pricing from Sharjah stock, Jaquar warranty honoured.",/jaquar/wellness/opal-prime,
/jaquar/wellness/vignette-prime,200,Jaquar Vignette Prime UAE - Wellness - Price & SKUs,"Jaquar Vignette Prime in the UAE - all 3 catalogue products with SKUs and finishes. AED trade pricing from Sharjah stock, Jaquar warranty honoured.",/jaquar/wellness/vignette-prime,
/jaquar/wellness/darc,200,Jaquar D'arc UAE - Wellness - Price & SKUs | Global Classic,"Jaquar D'arc in the UAE - all 4 catalogue products with SKUs and finishes. AED trade pricing from Sharjah stock, Jaquar warranty honoured.",/jaquar/wellness/darc,
/jaquar/wellness/kubix,200,Jaquar Kubix UAE - Wellness - Price & SKUs | Global Classic,"Jaquar Kubix in the UAE - all 3 catalogue products with SKUs and finishes. AED trade pricing from Sharjah stock, Jaquar warranty honoured.",/jaquar/wellness/kubix,
/jaquar/wellness/alive,200,Jaquar Alive UAE - Wellness - Price & SKUs | Global Classic,"Jaquar Alive in the UAE - all 3 catalogue products with SKUs and finishes. AED trade pricing from Sharjah stock, Jaquar warranty honoured.",/jaquar/wellness/alive,
/jaquar/wellness/fonte,200,Jaquar Fonte UAE - Wellness - Price & SKUs | Global Classic,"Jaquar Fonte in the UAE - all 7 catalogue products with SKUs and finishes. AED trade pricing from Sharjah stock, Jaquar warranty honoured.",/jaquar/wellness/fonte,
/jaquar/wellness/fonte-r,200,Jaquar Fonte-R UAE - Wellness - Price & SKUs,"Jaquar Fonte-R in the UAE - all 2 catalogue products with SKUs and finishes. AED trade pricing from Sharjah stock, Jaquar warranty honoured.",/jaquar/wellness/fonte-r,
/jaquar/wellness/fusion,200,Jaquar Fusion UAE - Wellness - Price & SKUs | Global Classic,"Jaquar Fusion in the UAE - all 3 catalogue products with SKUs and finishes. AED trade pricing from Sharjah stock, Jaquar warranty honoured.",/jaquar/wellness/fusion,
/jaquar/wellness/laguna,200,Jaquar Laguna UAE - Wellness - Price & SKUs | Global Classic,"Jaquar Laguna in the UAE - all 3 catalogue products with SKUs and finishes. AED trade pricing from Sharjah stock, Jaquar warranty honoured.",/jaquar/wellness/laguna,
/jaquar/wellness/spas,200,Jaquar Spas UAE - Wellness - Price & SKUs | Global Classic,"Jaquar Spas in the UAE - all 14 catalogue products with SKUs and finishes. AED trade pricing from Sharjah stock, Jaquar warranty honoured.",/jaquar/wellness/spas,
/jaquar/wellness/saunas,200,Jaquar Saunas UAE - Wellness - Price & SKUs | Global Classic,"Jaquar Saunas in the UAE - all 5 catalogue products with SKUs and finishes. AED trade pricing from Sharjah stock, Jaquar warranty honoured.",/jaquar/wellness/saunas,
/jaquar/wellness/steam-solutions,200,Jaquar Steam Solutions UAE - Wellness - Price & SKUs,"Jaquar Steam Solutions in the UAE - all 17 catalogue products with SKUs and finishes. AED trade pricing from Sharjah stock, Jaquar warranty honoured.",/jaquar/wellness/steam-solutions,
/jaquar/water-heaters,200,Jaquar Water Heaters UAE - Dealer Price & Supply,"Jaquar water heaters in the UAE - 1 collections with SKUs, specs and official imagery. AED trade pricing from Sharjah stock, dealer warranty honoured.",/jaquar/water-heaters,
/jaquar/water-heaters/water-heaters,200,Jaquar Water Heaters UAE - Price & SKUs | Global Classic,"Jaquar Water Heaters in the UAE - all 38 catalogue products with SKUs and finishes. AED trade pricing from Sharjah stock, Jaquar warranty honoured.",/jaquar/water-heaters/water-heaters,
/fila,200,FILA Stone Care UAE - Official Distributor | Global Classic,"FILA surface care in the UAE - 34 professional cleaners, protectors and finishes from the Italian maker since 1943. Wholesale supply with coverage tables.",/fila,
/fila/solutions,200,FILA Solutions UAE - What To Do If | Global Classic,"Grout haze, rust on marble, limescale, efflorescence - the FILA answer to each surface problem from the printed catalogue, supplied wholesale in the UAE.",/fila/solutions,
/fila/about,200,"About FILA - Since 1943 | Surface Care, Italy to the UAE","FILA Industria Chimica, founded 1943: Marchio Storico registered, ISO 9001/14001, Indoor Air Comfort Gold, and a Dubai JLT office serving the UAE since 2012.",/fila/about,
/fila/projects,200,FILA Reference Projects - Canova to the Apple Store,"Where FILA is specified: the Gipsoteca di Canova, Hotel Mondrian Qatar, the Library of Birmingham and Apple Store Piazza Liberty, with printed product lists.",/fila/projects,
/fila/cleaners,200,FILA Cleaners UAE - tile cleaner | Global Classic,"Eleven professional cleaners from end-of-work washing to rust, silicone and epoxy removal - the chemistry that rescues a site handover. Buffered acids that.",/fila/cleaners,
/fila/protectors,200,FILA Protectors UAE - stone sealer | Global Classic,Fourteen professional sealers and repellents - from PW10 before the slab is even laid to MP90 ECO XTREME on the finished marble top. Water- and oil-repellent.,/fila/protectors,
/fila/finishing,200,FILA Finishing UAE - floor wax finish | Global Classic,"Two professional finishes, indoor only: CLASSIC, the eco-friendly liquid wax that revives polished marble, terrazzo and terracotta with a natural sheen - and.",/fila/finishing,
/fila/ready-to-use,200,FILA Ready to Use UAE - surface care spray | Global Classic,"Seven ready-to-use sprays for the maintenance phase: daily worktop care with MARBLE REFRESH, limescale control with DEEPCLEAN and NODROPS, grout care with.",/fila/ready-to-use,
/fila/cleaner-pro,200,FILA CLEANER PRO UAE - Professional maintenance for surfaces,"FILA CLEANER PRO - professional maintenance for surfaces for porcelain and ceramic tiles, concrete, wood. 1 L boxes of 12 - 5 L boxes of 4.",/fila/cleaner-pro,
/fila/cr10,200,FILA CR10 UAE - Cleaner for epoxy residues | Global Classic,"FILA CR10 - cleaner for epoxy residues for porcelain tiles, glazed ceramic tiles, glass mosaic. 1 L boxes of 12. Printed coverage tables.",/fila/cr10,
/fila/deterdek-pro,200,FILA DETERDEK PRO UAE - End-of-work cleaning,"FILA DETERDEK PRO - end-of-work cleaning for porcelain tiles, glazed ceramic tiles, acid-resistant materials. 1 L boxes of 12 - 5 L boxes of 4.",/fila/deterdek-pro,
/fila/instant-remover,200,FILA INSTANT REMOVER UAE | Global Classic,"FILA INSTANT REMOVER - instant cleaner for fresh cement grout for porcelain tiles, ceramic tiles, glass mosaic. 750 ml spray bottles, boxes of 12.",/fila/instant-remover,
/fila/max,200,FILA MAX UAE - Solvent-based wax remover | Global Classic,"FILA MAX - solvent-based wax remover for terracotta, quarry tiles, porcelain tiles. 5 L cans, boxes of 4. Printed coverage tables.",/fila/max,
/fila/norust,200,FILA NORUST UAE - Rust stain remover | Global Classic,"FILA NORUST - rust stain remover for marble, granite, natural stone. 75 ml bottles, boxes of 12. Official UAE distribution, AED trade pricing on enquiry.",/fila/norust,
/fila/nospot,200,FILA NOSPOT UAE | Global Classic,"FILA NOSPOT - spray stain-remover for terracotta, quarry tiles and natural stone for terracotta, quarry tiles, marble, granite and natural stone.",/fila/nospot,
/fila/phzero,200,FILA PHZERO UAE - Strong acid descaler | Global Classic,"FILA PHZERO - strong acid descaler for terracotta, quarry tiles, porcelain tiles. 5 L boxes of 4. Official UAE distribution, AED trade pricing on enquiry.",/fila/phzero,
/fila/ps87-pro,200,FILA PS87 PRO UAE - Professional degreasing cleaning agent,"FILA PS87 PRO - professional degreasing cleaning agent for porcelain tiles, unpolished stone and agglomerates, glazed ceramic tiles. Printed coverage tables.",/fila/ps87-pro,
/fila/sr95,200,FILA SR95 UAE - Stain-remover | Global Classic,"FILA SR95 - stain-remover for porcelain tiles, stone and agglomerates, glazed ceramic tiles. 75 ml bottles, boxes of 12. Printed coverage tables.",/fila/sr95,
/fila/zerosil,200,FILA ZEROSIL UAE - Silicone remover | Global Classic,"FILA ZEROSIL - silicone remover for porcelain tiles, ceramic tiles, marble. 250 ml can, boxes of 12. Official UAE distribution, AED trade pricing on enquiry.",/fila/zerosil,
/fila/concrete-shield,200,FILA CONCRETE SHIELD UAE | Global Classic,"FILA CONCRETE SHIELD - colour-enhancing stain-proof sealer for concrete for concrete, stamped concrete, interlocking pavers. 5 L boxes of 4.",/fila/concrete-shield,
/fila/concrete-hydro,200,FILA CONCRETE HYDRO UAE | Global Classic,"FILA CONCRETE HYDRO - consolidating water repellent for concrete for concrete, plaster, brick. 5 L boxes of 4. Printed coverage tables.",/fila/concrete-hydro,
/fila/contractors-choice,200,FILA CONTRACTOR'S CHOICE UAE - Stone and grout sealer,"FILA CONTRACTOR'S CHOICE - stone and grout sealer for natural stone, cement grout joints, concrete. 3.78 L (1 US gal), boxes of 4. Printed coverage tables.",/fila/contractors-choice,
/fila/fob-xtreme,200,FILA FOB XTREME UAE | Global Classic,"FILA FOB XTREME - extreme water- and oil-repellent protection for natural stone and agglomerates, marble and granite, concrete. 1 L boxes of 6 - 5 L boxes of 4.",/fila/fob-xtreme,
/fila/hydrorep,200,FILA HYDROREP UAE - Water-repellent protection,"FILA HYDROREP - water-repellent protection for unpolished marble and granite, unpolished stone and agglomerates, concrete. 1 L boxes of 12 - 5 L boxes of 4.",/fila/hydrorep,
/fila/hydrorep-eco,200,FILA HYDROREP ECO UAE | Global Classic,"FILA HYDROREP ECO - eco-compatible water-repellent protection for unpolished stone and agglomerates, concrete, terracotta. 1 L boxes of 12 - 5 L boxes of 4.",/fila/hydrorep-eco,
/fila/mp90,200,FILA MP90 UAE - Water- and oil-repellent protection,"FILA MP90 - water- and oil-repellent protection for polished porcelain tiles, marble and granite, stone and agglomerates. 1 L boxes of 6 - 5 L boxes of 4.",/fila/mp90,
/fila/mp90-eco-xtreme,200,FILA MP90 ECO XTREME UAE | Global Classic,"FILA MP90 ECO XTREME - extreme eco-compatible water- and oil-repellent protection for polished porcelain tiles, marble and granite, natural stone and.",/fila/mp90-eco-xtreme,
/fila/pw10,200,FILA PW10 UAE | Global Classic,"FILA PW10 - eco-compatible pre-laying treatment against efflorescence for back of natural stone surfaces, granite, marble. 5 L boxes of 4 - 100 L.",/fila/pw10,
/fila/stoneplus,200,FILA STONEPLUS UAE | Global Classic,"FILA STONEPLUS - water- and oil-repellent protective agent with reviving effect for stone and agglomerates, marble, granite. 1 L boxes of 6 - 5 L boxes of 4.",/fila/stoneplus,
/fila/stoneplus-eco,200,FILA STONEPLUS ECO UAE - Colour-enhancing protective agent,"FILA STONEPLUS ECO - colour-enhancing protective agent for natural stone, marble, granite. 1 L boxes of 6 - 5 L boxes of 4. Printed coverage tables.",/fila/stoneplus-eco,
/fila/stop-dirt,200,FILA STOP DIRT UAE - Dirt repellent | Global Classic,"FILA STOP DIRT - dirt repellent for textured porcelain tiles, unpolished porcelain tiles, lappato porcelain tiles. 500 ml boxes of 12. Printed coverage tables.",/fila/stop-dirt,
/fila/w68,200,FILA W68 UAE - Stain protector for unpolished surfaces,"FILA W68 - stain protector for unpolished surfaces for unpolished stone and agglomerates, terracotta, quarry tiles. 1 L boxes of 12 - 5 L boxes of 4.",/fila/w68,
/fila/wet-eco,200,FILA WET ECO UAE - Wet-look colour enhancing protector,"FILA WET ECO - wet-look colour enhancing protector for unpolished natural stones, unpolished agglomerates, terracotta. 1 L boxes of 12 - 5 L boxes of 4.",/fila/wet-eco,
/fila/classic,200,FILA CLASSIC UAE - Eco-friendly liquid wax | Global Classic,"FILA CLASSIC - eco-friendly liquid wax for marble, venetian terrazzo, grit. 1 L boxes of 12 - 5 L boxes of 4. Printed coverage tables.",/fila/classic,
/fila/longlife,200,FILA LONGLIFE UAE - Glossy protective wax | Global Classic,"FILA LONGLIFE - glossy protective wax for terracotta, quarry tiles, slate. 1 L boxes of 12. Official UAE distribution, AED trade pricing on enquiry.",/fila/longlife,
/fila/clean-and-shine,200,FILA CLEAN&SHINE UAE - Sparkling cleanliness in the home,"FILA CLEAN&SHINE - sparkling cleanliness in the home for porcelain tiles, glazed ceramic tiles, stone. 750 ml spray bottles, boxes of 6.",/fila/clean-and-shine,
/fila/deepclean,200,FILA DEEPCLEAN UAE - Descaling cleaning agent,"FILA DEEPCLEAN - descaling cleaning agent for porcelain tiles, ceramic tiles, mosaics. 750 ml spray bottles, boxes of 6. Printed coverage tables.",/fila/deepclean,
/fila/fuganet,200,FILA FUGANET UAE - Specific cleaning for grouting,"FILA FUGANET - specific cleaning for grouting for all types of grouting. 750 ml spray bottles, boxes of 6. Printed coverage tables.",/fila/fuganet,
/fila/marble-refresh,200,FILA MARBLE REFRESH UAE | Global Classic,"FILA MARBLE REFRESH - polishes and renews marble worktops for marble, granite, natural stone. 750 ml spray bottles, boxes of 6. Printed coverage tables.",/fila/marble-refresh,
/fila/nodrops,200,FILA NODROPS UAE - Water-mark protection | Global Classic,"FILA NODROPS - water-mark protection for shower cubicles, glass, glass mosaic. 750 ml spray bottles, boxes of 6. Printed coverage tables.",/fila/nodrops,
/fila/rapidsan,200,FILA RAPIDSAN UAE - Eco disinfectant | Global Classic,"FILA RAPIDSAN - eco disinfectant for all surfaces. 750 ml spray bottles, boxes of 6. Official UAE distribution, AED trade pricing on enquiry.",/fila/rapidsan,
/fila/fugaproof,200,FILA FUGAPROOF UAE - Grout protection | Global Classic,"FILA FUGAPROOF - grout protection for all types of grouting. 750 ml spray bottles, boxes of 6. Official UAE distribution, AED trade pricing on enquiry.",/fila/fugaproof,
/kalingastone/quartz/colours/white-quartz,200,White Quartz Slabs UAE - 16 KalingaStone Shades,"16 white quartz shades from the KalingaStone quartz collection - 20 mm slabs, NSF food safe. Stocked in Sharjah, supplied UAE-wide with specs per shade.",/kalingastone/quartz/colours/white-quartz,
/kalingastone/quartz/colours/marble-look-quartz,200,Marble-Look Quartz Slabs UAE - 11 KalingaStone Shades,"11 marble-look quartz shades from the KalingaStone quartz collection - 20 mm slabs, NSF food safe. Stocked in Sharjah, supplied UAE-wide with specs per shade.",/kalingastone/quartz/colours/marble-look-quartz,
/kalingastone/quartz/colours/beige-quartz,200,Beige & Cream Quartz Slabs UAE - 16 KalingaStone Shades,"16 beige & cream quartz shades from the KalingaStone quartz collection - 20 mm slabs, NSF food safe. Stocked in Sharjah, supplied UAE-wide with specs per shade.",/kalingastone/quartz/colours/beige-quartz,
/kalingastone/quartz/colours/grey-quartz,200,Grey Quartz Slabs UAE - 18 KalingaStone Shades,"18 grey quartz shades from the KalingaStone quartz collection - 20 mm slabs, NSF food safe. Stocked in Sharjah, supplied UAE-wide with specs per shade.",/kalingastone/quartz/colours/grey-quartz,
/kalingastone/quartz/colours/black-quartz,200,Black & Dark Quartz Slabs UAE - 8 KalingaStone Shades,"8 black & dark quartz shades from the KalingaStone quartz collection - 20 mm slabs, NSF food safe. Stocked in Sharjah, supplied UAE-wide with specs per shade.",/kalingastone/quartz/colours/black-quartz,
/kalingastone/quartz/new-bianco-alaska,200,New Bianco Alaska - KalingaStone Quartz Slab UAE,"New Bianco Alaska - KalingaStone engineered quartz, Series 7, 3150 × 1450 × 20 mm. White Quartz range. AED slab pricing and availability from Sharjah stock.",/kalingastone/quartz/new-bianco-alaska,
/kalingastone/quartz/bianco-venatino,200,Bianco Venatino - KalingaStone Quartz Slab UAE,"Bianco Venatino - KalingaStone engineered quartz, Series 7, 3150 × 1450 × 20 mm. White Quartz range. AED slab pricing and availability from Sharjah stock.",/kalingastone/quartz/bianco-venatino,
/kalingastone/quartz/calacatta-imperial,200,Calacatta Imperial - KalingaStone Quartz Slab UAE,"Calacatta Imperial - KalingaStone engineered quartz, Series 7, 3150 × 1450 × 20 mm. Marble-Look Quartz range. Delivery across the UAE.",/kalingastone/quartz/calacatta-imperial,
/kalingastone/quartz/crystal-bliss,200,Crystal Bliss - KalingaStone Quartz Slab UAE,"Crystal Bliss - KalingaStone engineered quartz, Series 7, 3250 × 1650 × 20 mm. White Quartz range. AED slab pricing and availability from Sharjah stock.",/kalingastone/quartz/crystal-bliss,
/kalingastone/quartz/crystal-serene,200,Crystal Serene - KalingaStone Quartz Slab UAE,"Crystal Serene - KalingaStone engineered quartz, Series 7, 3250 × 1650 × 20 mm. White Quartz range. AED slab pricing and availability from Sharjah stock.",/kalingastone/quartz/crystal-serene,
/kalingastone/quartz/calacatta-lazza,200,Calacatta Lazza - KalingaStone Quartz Slab UAE,"Calacatta Lazza - KalingaStone engineered quartz, Series 7, 3250 × 1650 × 20 mm. Marble-Look Quartz range. AED slab pricing and availability from Sharjah stock.",/kalingastone/quartz/calacatta-lazza,
/kalingastone/quartz/alluring,200,Alluring - KalingaStone Quartz Slab UAE | Global Classic,"Alluring - KalingaStone engineered quartz, Series 7, 3150 × 1450 × 20 mm. Marble-Look Quartz range. AED slab pricing and availability from Sharjah stock.",/kalingastone/quartz/alluring,
/kalingastone/quartz/pietra-grey,200,Pietra Grey - KalingaStone Quartz Slab UAE | Global Classic,"Pietra Grey - KalingaStone engineered quartz, Series 6, 3150 × 1450 × 20 mm. Grey Quartz range. AED slab pricing and availability from Sharjah stock.",/kalingastone/quartz/pietra-grey,
/kalingastone/quartz/calacatta-rivolo,200,Calacatta Rivolo - KalingaStone Quartz Slab UAE,"Calacatta Rivolo - KalingaStone engineered quartz, Series 6, 3250 × 1650 × 20 mm. Marble-Look Quartz range. Delivery across the UAE.",/kalingastone/quartz/calacatta-rivolo,
/kalingastone/quartz/calacatta-pristine,200,Calacatta Pristine - KalingaStone Quartz Slab UAE,"Calacatta Pristine - KalingaStone engineered quartz, Series 6, 3250 × 1650 × 20 mm. White Quartz range. AED slab pricing and availability from Sharjah stock.",/kalingastone/quartz/calacatta-pristine,
/kalingastone/quartz/calacatta-nero,200,Calacatta Nero - KalingaStone Quartz Slab UAE,"Calacatta Nero - KalingaStone engineered quartz, Series 6, 3250 × 1650 × 20 mm. Marble-Look Quartz range. AED slab pricing and availability from Sharjah stock.",/kalingastone/quartz/calacatta-nero,
/kalingastone/quartz/bianco-river,200,Bianco River - KalingaStone Quartz Slab UAE | Global Classic,"Bianco River - KalingaStone engineered quartz, Series 6, 3150 × 1450 × 20 mm. White Quartz range. AED slab pricing and availability from Sharjah stock.",/kalingastone/quartz/bianco-river,
/kalingastone/quartz/tundra,200,Tundra - KalingaStone Quartz Slab UAE | Global Classic,"Tundra - KalingaStone engineered quartz, Series 6, 3150 × 1450 × 20 mm. Grey Quartz range. AED slab pricing and availability from Sharjah stock.",/kalingastone/quartz/tundra,
/kalingastone/quartz/wizzard,200,Wizzard - KalingaStone Quartz Slab UAE | Global Classic,"Wizzard - KalingaStone engineered quartz, Series 6, 3150 × 1450 × 20 mm. Black & Dark Quartz range. AED slab pricing and availability from Sharjah stock.",/kalingastone/quartz/wizzard,
/kalingastone/quartz/calacatta-venezia,200,Calacatta Venezia - KalingaStone Quartz Slab UAE,"Calacatta Venezia - KalingaStone engineered quartz, Series 5, 3250 × 1650 × 20 mm. Marble-Look Quartz range. Delivery across the UAE.",/kalingastone/quartz/calacatta-venezia,
/kalingastone/quartz/bermingham,200,Bermingham - KalingaStone Quartz Slab UAE | Global Classic,"Bermingham - KalingaStone engineered quartz, Series 5, 3150 × 1450 × 20 mm. Beige & Cream Quartz range. AED slab pricing and availability from Sharjah stock.",/kalingastone/quartz/bermingham,
/kalingastone/quartz/bianco-gioa,200,Bianco Gioa - KalingaStone Quartz Slab UAE | Global Classic,"Bianco Gioa - KalingaStone engineered quartz, Series 5, 3150 × 1450 × 20 mm. White Quartz range. AED slab pricing and availability from Sharjah stock.",/kalingastone/quartz/bianco-gioa,
/kalingastone/quartz/bianco-superiore,200,Bianco Superiore - KalingaStone Quartz Slab UAE,"Bianco Superiore - KalingaStone engineered quartz, Series 5, 3150 × 1450 × 20 mm. White Quartz range. AED slab pricing and availability from Sharjah stock.",/kalingastone/quartz/bianco-superiore,
/kalingastone/quartz/nisley,200,Nisley - KalingaStone Quartz Slab UAE | Global Classic,"Nisley - KalingaStone engineered quartz, Series 5, 3150 × 1450 × 20 mm. Beige & Cream Quartz range. AED slab pricing and availability from Sharjah stock.",/kalingastone/quartz/nisley,
/kalingastone/quartz/crema-gold,200,Crema Gold - KalingaStone Quartz Slab UAE | Global Classic,"Crema Gold - KalingaStone engineered quartz, Series 5, 3150 × 1450 × 20 mm. Beige & Cream Quartz range. AED slab pricing and availability from Sharjah stock.",/kalingastone/quartz/crema-gold,
/kalingastone/quartz/new-extra-white,200,New Extra White - KalingaStone Quartz Slab UAE,"New Extra White - KalingaStone engineered quartz, Series 5, 3150 × 1450 × 20 mm. White Quartz range. AED slab pricing and availability from Sharjah stock.",/kalingastone/quartz/new-extra-white,
/kalingastone/quartz/classic-pearl,200,Classic Pearl - KalingaStone Quartz Slab UAE,"Classic Pearl - KalingaStone engineered quartz, Series 5, 3150 × 1450 × 20 mm. Marble-Look Quartz range. AED slab pricing and availability from Sharjah stock.",/kalingastone/quartz/classic-pearl,
/kalingastone/quartz/bianco-oro,200,Bianco Oro - KalingaStone Quartz Slab UAE | Global Classic,"Bianco Oro - KalingaStone engineered quartz, Series 4, 3150 × 1450 × 20 mm. Marble-Look Quartz range. AED slab pricing and availability from Sharjah stock.",/kalingastone/quartz/bianco-oro,
/kalingastone/quartz/bianco-carrara,200,Bianco Carrara - KalingaStone Quartz Slab UAE,"Bianco Carrara - KalingaStone engineered quartz, Series 4, 3150 × 1450 × 20 mm, Microban® protected. Marble-Look Quartz range. Delivery across the UAE.",/kalingastone/quartz/bianco-carrara,
/kalingastone/quartz/carrara-marmi,200,Carrara Marmi - KalingaStone Quartz Slab UAE,"Carrara Marmi - KalingaStone engineered quartz, Series 4, 3300 × 2000 × 20 mm. Marble-Look Quartz range. AED slab pricing and availability from Sharjah stock.",/kalingastone/quartz/carrara-marmi,
/kalingastone/quartz/noah,200,Noah - KalingaStone Quartz Slab UAE | Global Classic,"Noah - KalingaStone engineered quartz, Series 4, 3150 × 1450 × 20 mm. Beige & Cream Quartz range. AED slab pricing and availability from Sharjah stock.",/kalingastone/quartz/noah,
/kalingastone/quartz/crema-venato-extra,200,Crema Venato Extra - KalingaStone Quartz Slab UAE,"Crema Venato Extra - KalingaStone engineered quartz, Series 4, 3150 × 1450 × 20 mm. Marble-Look Quartz range. Delivery across the UAE.",/kalingastone/quartz/crema-venato-extra,
/kalingastone/quartz/grey-fjordo,200,Grey Fjordo - KalingaStone Quartz Slab UAE | Global Classic,"Grey Fjordo - KalingaStone engineered quartz, Series 4, 3150 × 1450 × 20 mm. Grey Quartz range. AED slab pricing and availability from Sharjah stock.",/kalingastone/quartz/grey-fjordo,
/kalingastone/quartz/manhattan-grey,200,Manhattan Grey - KalingaStone Quartz Slab UAE,"Manhattan Grey - KalingaStone engineered quartz, Series 4, 3250 × 1650 × 20 mm. Black & Dark Quartz range. AED slab pricing and availability from Sharjah stock.",/kalingastone/quartz/manhattan-grey,
/kalingastone/quartz/grigio-oro,200,Grigio Oro - KalingaStone Quartz Slab UAE | Global Classic,"Grigio Oro - KalingaStone engineered quartz, Series 4, 3150 × 1450 × 20 mm. Grey Quartz range. AED slab pricing and availability from Sharjah stock.",/kalingastone/quartz/grigio-oro,
/kalingastone/quartz/gris-venato,200,Gris Venato - KalingaStone Quartz Slab UAE | Global Classic,"Gris Venato - KalingaStone engineered quartz, Series 4, 3150 × 1450 × 20 mm. Grey Quartz range. AED slab pricing and availability from Sharjah stock.",/kalingastone/quartz/gris-venato,
/kalingastone/quartz/bianco-classic,200,Bianco Classic - KalingaStone Quartz Slab UAE,"Bianco Classic - KalingaStone engineered quartz, Series 3, 3150 × 1450 × 20 mm, Microban® protected. White Quartz range. Delivery across the UAE.",/kalingastone/quartz/bianco-classic,
/kalingastone/quartz/stellar-white,200,Stellar White - KalingaStone Quartz Slab UAE,"Stellar White - KalingaStone engineered quartz, Series 3, 3250 × 1650 × 20 mm. White Quartz range. AED slab pricing and availability from Sharjah stock.",/kalingastone/quartz/stellar-white,
/kalingastone/quartz/peppercorn-white,200,Peppercorn White - KalingaStone Quartz Slab UAE,"Peppercorn White - KalingaStone engineered quartz, Series 3, 3250 × 1650 × 20 mm. White Quartz range. AED slab pricing and availability from Sharjah stock.",/kalingastone/quartz/peppercorn-white,
/kalingastone/quartz/vetro-bianco,200,Vetro Bianco - KalingaStone Quartz Slab UAE | Global Classic,"Vetro Bianco - KalingaStone engineered quartz, Series 3, 3150 × 1450 × 20 mm. White Quartz range. AED slab pricing and availability from Sharjah stock.",/kalingastone/quartz/vetro-bianco,
/kalingastone/quartz/torres,200,Torres - KalingaStone Quartz Slab UAE | Global Classic,"Torres - KalingaStone engineered quartz, Series 3, 3150 × 1450 × 20 mm. Beige & Cream Quartz range. AED slab pricing and availability from Sharjah stock.",/kalingastone/quartz/torres,
/kalingastone/quartz/repen,200,Repen - KalingaStone Quartz Slab UAE | Global Classic,"Repen - KalingaStone engineered quartz, Series 3, 3150 × 1450 × 20 mm, Microban® protected. Beige & Cream Quartz range. Delivery across the UAE.",/kalingastone/quartz/repen,
/kalingastone/quartz/classic-beige,200,Classic Beige - KalingaStone Quartz Slab UAE,"Classic Beige - KalingaStone engineered quartz, Series 3, 3150 × 1450 × 20 mm, Microban® protected. Beige & Cream Quartz range. Delivery across the UAE.",/kalingastone/quartz/classic-beige,
/kalingastone/quartz/toasted-almond,200,Toasted Almond - KalingaStone Quartz Slab UAE,"Toasted Almond - KalingaStone engineered quartz, Series 3, 3250 × 1650 × 20 mm. Beige & Cream Quartz range. Delivery across the UAE.",/kalingastone/quartz/toasted-almond,
/kalingastone/quartz/stellar-grey,200,Stellar Grey - KalingaStone Quartz Slab UAE | Global Classic,"Stellar Grey - KalingaStone engineered quartz, Series 3, 3250 × 1650 × 20 mm. Grey Quartz range. AED slab pricing and availability from Sharjah stock.",/kalingastone/quartz/stellar-grey,
/kalingastone/quartz/cosmopolitan,200,Cosmopolitan - KalingaStone Quartz Slab UAE | Global Classic,"Cosmopolitan - KalingaStone engineered quartz, Series 3, 3150 × 1450 × 20 mm. Beige & Cream Quartz range. AED slab pricing and availability from Sharjah stock.",/kalingastone/quartz/cosmopolitan,
/kalingastone/quartz/cement,200,Cement - KalingaStone Quartz Slab UAE | Global Classic,"Cement - KalingaStone engineered quartz, Series 3, 3150 × 1450 × 20 mm. Grey Quartz range. AED slab pricing and availability from Sharjah stock.",/kalingastone/quartz/cement,
/kalingastone/quartz/chandan,200,Chandan - KalingaStone Quartz Slab UAE | Global Classic,"Chandan - KalingaStone engineered quartz, Series 3, 3150 × 1450 × 20 mm, Microban® protected. Grey Quartz range. Delivery across the UAE.",/kalingastone/quartz/chandan,
/kalingastone/quartz/grigio-londra,200,Grigio Londra - KalingaStone Quartz Slab UAE,"Grigio Londra - KalingaStone engineered quartz, Series 3, 3150 × 1450 × 20 mm. Grey Quartz range. AED slab pricing and availability from Sharjah stock.",/kalingastone/quartz/grigio-londra,
/kalingastone/quartz/concrete,200,Concrete - KalingaStone Quartz Slab UAE | Global Classic,"Concrete - KalingaStone engineered quartz, Series 3, 3150 × 1450 × 20 mm. Grey Quartz range. AED slab pricing and availability from Sharjah stock.",/kalingastone/quartz/concrete,
/kalingastone/quartz/ash-grey,200,Ash Grey - KalingaStone Quartz Slab UAE | Global Classic,"Ash Grey - KalingaStone engineered quartz, Series 3, 3150 × 1450 × 20 mm. Grey Quartz range. AED slab pricing and availability from Sharjah stock.",/kalingastone/quartz/ash-grey,
/kalingastone/quartz/pearl-grey,200,Pearl Grey - KalingaStone Quartz Slab UAE | Global Classic,"Pearl Grey - KalingaStone engineered quartz, Series 3, 3250 × 1650 × 20 mm. Grey Quartz range. AED slab pricing and availability from Sharjah stock.",/kalingastone/quartz/pearl-grey,
/kalingastone/quartz/silver-grey,200,Silver Grey - KalingaStone Quartz Slab UAE | Global Classic,"Silver Grey - KalingaStone engineered quartz, Series 3, 3150 × 1450 × 20 mm. Grey Quartz range. AED slab pricing and availability from Sharjah stock.",/kalingastone/quartz/silver-grey,
/kalingastone/quartz/milano,200,Milano - KalingaStone Quartz Slab UAE | Global Classic,"Milano - KalingaStone engineered quartz, Series 3, 3150 × 1450 × 20 mm. Grey Quartz range. AED slab pricing and availability from Sharjah stock.",/kalingastone/quartz/milano,
/kalingastone/quartz/metropolitan,200,Metropolitan - KalingaStone Quartz Slab UAE | Global Classic,"Metropolitan - KalingaStone engineered quartz, Series 3, 3150 × 1450 × 20 mm. Black & Dark Quartz range. AED slab pricing and availability from Sharjah stock.",/kalingastone/quartz/metropolitan,
/kalingastone/quartz/ush,200,Ush - KalingaStone Quartz Slab UAE | Global Classic,"Ush - KalingaStone engineered quartz, Series 3, 3150 × 1450 × 20 mm. Black & Dark Quartz range. AED slab pricing and availability from Sharjah stock.",/kalingastone/quartz/ush,
/kalingastone/quartz/nero-classic,200,Nero Classic - KalingaStone Quartz Slab UAE | Global Classic,"Nero Classic - KalingaStone engineered quartz, Series 3, 3150 × 1450 × 20 mm. Black & Dark Quartz range. AED slab pricing and availability from Sharjah stock.",/kalingastone/quartz/nero-classic,
/kalingastone/quartz/crema-verona,200,Crema Verona - KalingaStone Quartz Slab UAE | Global Classic,"Crema Verona - KalingaStone engineered quartz, Series 2, 3150 × 1450 × 20 mm, Microban® protected. Beige & Cream Quartz range. Delivery across the UAE.",/kalingastone/quartz/crema-verona,
/kalingastone/quartz/bianco-diamante,200,Bianco Diamante - KalingaStone Quartz Slab UAE,"Bianco Diamante - KalingaStone engineered quartz, Series 2, 3150 × 1450 × 20 mm. White Quartz range. AED slab pricing and availability from Sharjah stock.",/kalingastone/quartz/bianco-diamante,
/kalingastone/quartz/beige-diamante,200,Beige Diamante - KalingaStone Quartz Slab UAE,"Beige Diamante - KalingaStone engineered quartz, Series 2, 3150 × 1450 × 20 mm. Beige & Cream Quartz range. Delivery across the UAE.",/kalingastone/quartz/beige-diamante,
/kalingastone/quartz/sandy-diamante,200,Sandy Diamante - KalingaStone Quartz Slab UAE,"Sandy Diamante - KalingaStone engineered quartz, Series 2, 3150 × 1450 × 20 mm. Beige & Cream Quartz range. Delivery across the UAE.",/kalingastone/quartz/sandy-diamante,
/kalingastone/quartz/mocca-creme,200,Mocca Creme - KalingaStone Quartz Slab UAE | Global Classic,"Mocca Creme - KalingaStone engineered quartz, Series 2, 3150 × 1450 × 20 mm. Beige & Cream Quartz range. AED slab pricing and availability from Sharjah stock.",/kalingastone/quartz/mocca-creme,
/kalingastone/quartz/desert-brown,200,Desert Brown - KalingaStone Quartz Slab UAE | Global Classic,"Desert Brown - KalingaStone engineered quartz, Series 2, 3150 × 1450 × 20 mm. Black & Dark Quartz range. AED slab pricing and availability from Sharjah stock.",/kalingastone/quartz/desert-brown,
/kalingastone/quartz/beige-tuscany,200,Beige Tuscany - KalingaStone Quartz Slab UAE,"Beige Tuscany - KalingaStone engineered quartz, Series 2, 3150 × 1450 × 20 mm. Beige & Cream Quartz range. AED slab pricing and availability from Sharjah stock.",/kalingastone/quartz/beige-tuscany,
/kalingastone/quartz/mocca-diamante,200,Mocca Diamante - KalingaStone Quartz Slab UAE,"Mocca Diamante - KalingaStone engineered quartz, Series 2, 3150 × 1450 × 20 mm. Black & Dark Quartz range. AED slab pricing and availability from Sharjah stock.",/kalingastone/quartz/mocca-diamante,
/kalingastone/quartz/jerusalem-diamante,200,Jerusalem Diamante - KalingaStone Quartz Slab UAE,"Jerusalem Diamante - KalingaStone engineered quartz, Series 2, 3150 × 1450 × 20 mm. Grey Quartz range. AED slab pricing and availability from Sharjah stock.",/kalingastone/quartz/jerusalem-diamante,
/kalingastone/quartz/grigio-diamante,200,Grigio Diamante - KalingaStone Quartz Slab UAE,"Grigio Diamante - KalingaStone engineered quartz, Series 2, 3150 × 1450 × 20 mm. Grey Quartz range. AED slab pricing and availability from Sharjah stock.",/kalingastone/quartz/grigio-diamante,
/kalingastone/quartz/nero-diamante,200,Nero Diamante - KalingaStone Quartz Slab UAE,"Nero Diamante - KalingaStone engineered quartz, Series 2, 3150 × 1450 × 20 mm. Black & Dark Quartz range. AED slab pricing and availability from Sharjah stock.",/kalingastone/quartz/nero-diamante,
/kalingastone/quartz/bianco-neve,200,Bianco Neve - KalingaStone Quartz Slab UAE | Global Classic,"Bianco Neve - KalingaStone engineered quartz, Series 1 A, 3150 × 1450 × 20 mm, Microban® protected. White Quartz range. Delivery across the UAE.",/kalingastone/quartz/bianco-neve,
/kalingastone/quartz/bianco-cristallo,200,Bianco Cristallo - KalingaStone Quartz Slab UAE,"Bianco Cristallo - KalingaStone engineered quartz, Series 1, 3150 × 1450 × 20 mm. White Quartz range. AED slab pricing and availability from Sharjah stock.",/kalingastone/quartz/bianco-cristallo,
/kalingastone/quartz/new-grey,200,New Grey - KalingaStone Quartz Slab UAE | Global Classic,"New Grey - KalingaStone engineered quartz, Series 1, 3150 × 1450 × 20 mm. Grey Quartz range. AED slab pricing and availability from Sharjah stock.",/kalingastone/quartz/new-grey,
/kalingastone/quartz/new-beige,200,New Beige - KalingaStone Quartz Slab UAE | Global Classic,"New Beige - KalingaStone engineered quartz, Series 1, 3150 × 1450 × 20 mm. Beige & Cream Quartz range. AED slab pricing and availability from Sharjah stock.",/kalingastone/quartz/new-beige,
/kalingastone/quartz/crema-scuro,200,Crema Scuro - KalingaStone Quartz Slab UAE | Global Classic,"Crema Scuro - KalingaStone engineered quartz, Series 1, 3150 × 1450 × 20 mm. Beige & Cream Quartz range. AED slab pricing and availability from Sharjah stock.",/kalingastone/quartz/crema-scuro,
/kalingastone/quartz/grigio-scuro,200,Grigio Scuro - KalingaStone Quartz Slab UAE | Global Classic,"Grigio Scuro - KalingaStone engineered quartz, Series 1, 3150 × 1450 × 20 mm, Microban® protected. Grey Quartz range. Delivery across the UAE.",/kalingastone/quartz/grigio-scuro,
/kalingastone/terrazzo/collections/roma-cafe,200,Roma & Cafe Terrazzo UAE - 7 KalingaStone Shades,"Roma & Cafe - Series 6 of the KalingaStone terrazzo range: 7 shades in 304 x 125 cm slabs, A1 fire class. AED trade pricing on enquiry.",/kalingastone/terrazzo/collections/roma-cafe,
/kalingastone/terrazzo/collections/palladiana-venetian,200,Palladiana & Venetian Terrazzo UAE - 6 KalingaStone Shades,"Palladiana & Venetian - Series 7 of the KalingaStone terrazzo range: 6 shades in 304 x 125 cm slabs, A1 fire class. AED trade pricing on enquiry.",/kalingastone/terrazzo/collections/palladiana-venetian,
/kalingastone/terrazzo/collections/elite,200,Elite Terrazzo UAE - 11 KalingaStone Shades,"Elite - Series 8 of the KalingaStone terrazzo range: 11 shades in 304 x 125 cm slabs, A1 fire class. Stocked in Sharjah, supplied UAE-wide as tiles or slabs.",/kalingastone/terrazzo/collections/elite,
/kalingastone/terrazzo/colosseo,200,Colosseo - KalingaStone Terrazzo Slab UAE | Global Classic,"Colosseo - KalingaStone terrazzo, Roma & Cafe (Series 6), 304 x 125 cm slab, Microban® protected. Tiles, slabs or cut-to-size from Sharjah stock.",/kalingastone/terrazzo/colosseo,
/kalingastone/terrazzo/forum,200,Forum - KalingaStone Terrazzo Slab UAE | Global Classic,"Forum - KalingaStone terrazzo, Roma & Cafe (Series 6), 304 x 125 cm slab. Tiles, slabs or cut-to-size from Sharjah stock.",/kalingastone/terrazzo/forum,
/kalingastone/terrazzo/navona,200,Navona - KalingaStone Terrazzo Slab UAE | Global Classic,"Navona - KalingaStone terrazzo, Roma & Cafe (Series 6), 304 x 125 cm slab. Tiles, slabs or cut-to-size from Sharjah stock.",/kalingastone/terrazzo/navona,
/kalingastone/terrazzo/imperiale,200,Imperiale - KalingaStone Terrazzo Slab UAE | Global Classic,"Imperiale - KalingaStone terrazzo, Roma & Cafe (Series 6), 304 x 125 cm slab, Microban® protected. Tiles, slabs or cut-to-size from Sharjah stock.",/kalingastone/terrazzo/imperiale,
/kalingastone/terrazzo/riva,200,Riva - KalingaStone Terrazzo Slab UAE | Global Classic,"Riva - KalingaStone terrazzo, Roma & Cafe (Series 6), 304 x 125 cm slab. Tiles, slabs or cut-to-size from Sharjah stock.",/kalingastone/terrazzo/riva,
/kalingastone/terrazzo/elba,200,Elba - KalingaStone Terrazzo Slab UAE | Global Classic,"Elba - KalingaStone terrazzo, Roma & Cafe (Series 6), 304 x 125 cm slab. Tiles, slabs or cut-to-size from Sharjah stock.",/kalingastone/terrazzo/elba,
/kalingastone/terrazzo/ceppo,200,Ceppo - KalingaStone Terrazzo Slab UAE | Global Classic,"Ceppo - KalingaStone terrazzo, Roma & Cafe (Series 6), 304 x 125 cm slab. Tiles, slabs or cut-to-size from Sharjah stock.",/kalingastone/terrazzo/ceppo,
/kalingastone/terrazzo/urban-white,200,Urban White - KalingaStone Terrazzo Slab UAE,"Urban White - KalingaStone terrazzo, Palladiana & Venetian (Series 7), 304 x 125 cm slab. Tiles, slabs or cut-to-size from Sharjah stock.",/kalingastone/terrazzo/urban-white,
/kalingastone/terrazzo/docks-grey,200,Docks Grey - KalingaStone Terrazzo Slab UAE | Global Classic,"Docks Grey - KalingaStone terrazzo, Palladiana & Venetian (Series 7), 304 x 125 cm slab, Microban® protected. Tiles, slabs or cut-to-size from Sharjah stock.",/kalingastone/terrazzo/docks-grey,
/kalingastone/terrazzo/amara-light,200,Amara Light - KalingaStone Terrazzo Slab UAE,"Amara Light - KalingaStone terrazzo, Palladiana & Venetian (Series 7), 304 x 125 cm slab. Tiles, slabs or cut-to-size from Sharjah stock.",/kalingastone/terrazzo/amara-light,
/kalingastone/terrazzo/greta-grey,200,Greta Grey - KalingaStone Terrazzo Slab UAE | Global Classic,"Greta Grey - KalingaStone terrazzo, Palladiana & Venetian (Series 7), 304 x 125 cm slab. Tiles, slabs or cut-to-size from Sharjah stock.",/kalingastone/terrazzo/greta-grey,
/kalingastone/terrazzo/hudson-sky,200,Hudson Sky - KalingaStone Terrazzo Slab UAE | Global Classic,"Hudson Sky - KalingaStone terrazzo, Palladiana & Venetian (Series 7), 304 x 125 cm slab. Tiles, slabs or cut-to-size from Sharjah stock.",/kalingastone/terrazzo/hudson-sky,
/kalingastone/terrazzo/trendy-grey,200,Trendy Grey - KalingaStone Terrazzo Slab UAE,"Trendy Grey - KalingaStone terrazzo, Palladiana & Venetian (Series 7), 304 x 125 cm slab. Tiles, slabs or cut-to-size from Sharjah stock.",/kalingastone/terrazzo/trendy-grey,
/kalingastone/terrazzo/elio,200,Elio - KalingaStone Terrazzo Slab UAE | Global Classic,"Elio - KalingaStone terrazzo, Elite (Series 8), 304 x 125 cm slab. Tiles, slabs or cut-to-size from Sharjah stock. AED trade pricing, delivery across the UAE.",/kalingastone/terrazzo/elio,
/kalingastone/terrazzo/new-deluxe-white,200,New Deluxe White - KalingaStone Terrazzo Slab UAE,"New Deluxe White - KalingaStone terrazzo, Elite (Series 8), 304 x 125 cm slab. Tiles, slabs or cut-to-size from Sharjah stock.",/kalingastone/terrazzo/new-deluxe-white,
/kalingastone/terrazzo/exotic-green,200,Exotic Green - KalingaStone Terrazzo Slab UAE,"Exotic Green - KalingaStone terrazzo, Elite (Series 8), 304 x 125 cm slab. Tiles, slabs or cut-to-size from Sharjah stock.",/kalingastone/terrazzo/exotic-green,
/kalingastone/terrazzo/supreme-brown,200,Supreme Brown - KalingaStone Terrazzo Slab UAE,"Supreme Brown - KalingaStone terrazzo, Elite (Series 8), 304 x 125 cm slab. Tiles, slabs or cut-to-size from Sharjah stock.",/kalingastone/terrazzo/supreme-brown,
/kalingastone/terrazzo/savvanna,200,Savvanna - KalingaStone Terrazzo Slab UAE | Global Classic,"Savvanna - KalingaStone terrazzo, Elite (Series 8), 304 x 125 cm slab. Tiles, slabs or cut-to-size from Sharjah stock.",/kalingastone/terrazzo/savvanna,desc 118ch
/kalingastone/terrazzo/deserto,200,Deserto - KalingaStone Terrazzo Slab UAE | Global Classic,"Deserto - KalingaStone terrazzo, Elite (Series 8), 304 x 125 cm slab. Tiles, slabs or cut-to-size from Sharjah stock.",/kalingastone/terrazzo/deserto,desc 117ch
/kalingastone/terrazzo/jade,200,Jade - KalingaStone Terrazzo Slab UAE | Global Classic,"Jade - KalingaStone terrazzo, Elite (Series 8), 304 x 125 cm slab. Tiles, slabs or cut-to-size from Sharjah stock. AED trade pricing, delivery across the UAE.",/kalingastone/terrazzo/jade,
/kalingastone/terrazzo/new-white-dove,200,New White Dove - KalingaStone Terrazzo Slab UAE,"New White Dove - KalingaStone terrazzo, Elite (Series 8), 304 x 125 cm slab, Microban® protected. Tiles, slabs or cut-to-size from Sharjah stock.",/kalingastone/terrazzo/new-white-dove,
/kalingastone/terrazzo/mateo-white,200,Mateo White - KalingaStone Terrazzo Slab UAE,"Mateo White - KalingaStone terrazzo, Elite (Series 8), 304 x 125 cm slab. Tiles, slabs or cut-to-size from Sharjah stock.",/kalingastone/terrazzo/mateo-white,
/kalingastone/terrazzo/terra-cream,200,Terra Cream - KalingaStone Terrazzo Slab UAE,"Terra Cream - KalingaStone terrazzo, Elite (Series 8), 304 x 125 cm slab. Tiles, slabs or cut-to-size from Sharjah stock.",/kalingastone/terrazzo/terra-cream,
/kalingastone/terrazzo/silver-rock,200,Silver Rock - KalingaStone Terrazzo Slab UAE,"Silver Rock - KalingaStone terrazzo, Elite (Series 8), 304 x 125 cm slab. Tiles, slabs or cut-to-size from Sharjah stock.",/kalingastone/terrazzo/silver-rock,
/kalingastone/marble/colours/white-marble,200,White Marble Slabs UAE - 10 KalingaStone Shades,"10 white marble shades from the KalingaStone engineered marble collection - 304 x 125 cm slabs, repolishable. AED trade pricing.",/kalingastone/marble/colours/white-marble,
/kalingastone/marble/colours/cream-beige-marble,200,Cream & Beige Marble Slabs UAE - 13 KalingaStone Shades,"13 cream & beige marble shades from the KalingaStone engineered marble collection - 304 x 125 cm slabs, repolishable. AED trade pricing.",/kalingastone/marble/colours/cream-beige-marble,
/kalingastone/marble/colours/grey-marble,200,Grey Marble Slabs UAE - 8 KalingaStone Shades,"8 grey marble shades from the KalingaStone engineered marble collection - 304 x 125 cm slabs, repolishable. AED trade pricing.",/kalingastone/marble/colours/grey-marble,
/kalingastone/marble/colours/gold-brown-marble,200,Gold & Emperador Marble Slabs UAE - 4 KalingaStone Shades,"4 gold & emperador marble shades from the KalingaStone engineered marble collection - 304 x 125 cm slabs, repolishable. AED trade pricing.",/kalingastone/marble/colours/gold-brown-marble,
/kalingastone/marble/candy-white,200,Candy White - KalingaStone Marble Slab UAE | Global Classic,"Candy White - KalingaStone engineered marble, Series-1, 304 x 125 cm slab. White Marble range. AED slab pricing and availability from Sharjah stock.",/kalingastone/marble/candy-white,
/kalingastone/marble/cristallo,200,Cristallo - KalingaStone Marble Slab UAE | Global Classic,"Cristallo - KalingaStone engineered marble, Series-2, 304 x 125 cm slab, Microban® option. White Marble range. Delivery across the UAE.",/kalingastone/marble/cristallo,
/kalingastone/marble/artic-white,200,Artic White - KalingaStone Marble Slab UAE | Global Classic,"Artic White - KalingaStone engineered marble, Series-2, 304 x 125 cm slab. White Marble range. AED slab pricing and availability from Sharjah stock.",/kalingastone/marble/artic-white,
/kalingastone/marble/raffaele,200,Raffaele - KalingaStone Marble Slab UAE | Global Classic,"Raffaele - KalingaStone engineered marble, Series-2, 304 x 125 cm slab, Microban® option. Cream & Beige Marble range. Delivery across the UAE.",/kalingastone/marble/raffaele,
/kalingastone/marble/romolo,200,Romolo - KalingaStone Marble Slab UAE | Global Classic,"Romolo - KalingaStone engineered marble, Series-2, 304 x 125 cm slab. Cream & Beige Marble range. AED slab pricing and availability from Sharjah stock.",/kalingastone/marble/romolo,
/kalingastone/marble/bianco-venus,200,Bianco Venus - KalingaStone Marble Slab UAE | Global Classic,"Bianco Venus - KalingaStone engineered marble, Series-2, 304 x 125 cm slab, Microban® option. White Marble range. Delivery across the UAE.",/kalingastone/marble/bianco-venus,
/kalingastone/marble/classic-crystal,200,Classic Crystal - KalingaStone Marble Slab UAE,"Classic Crystal - KalingaStone engineered marble, Series-2, 304 x 125 cm slab. Cream & Beige Marble range. AED slab pricing and availability from Sharjah stock.",/kalingastone/marble/classic-crystal,
/kalingastone/marble/crema-nova,200,Crema Nova - KalingaStone Marble Slab UAE | Global Classic,"Crema Nova - KalingaStone engineered marble, Series-2, 304 x 125 cm slab. Cream & Beige Marble range. AED slab pricing and availability from Sharjah stock.",/kalingastone/marble/crema-nova,
/kalingastone/marble/dallia,200,Dallia - KalingaStone Marble Slab UAE | Global Classic,"Dallia - KalingaStone engineered marble, Series-2, 304 x 125 cm slab. Cream & Beige Marble range. AED slab pricing and availability from Sharjah stock.",/kalingastone/marble/dallia,
/kalingastone/marble/mellissa,200,Mellissa - KalingaStone Marble Slab UAE | Global Classic,"Mellissa - KalingaStone engineered marble, Series-2, 304 x 125 cm slab. Grey Marble range. AED slab pricing and availability from Sharjah stock.",/kalingastone/marble/mellissa,
/kalingastone/marble/ottone,200,Ottone - KalingaStone Marble Slab UAE | Global Classic,"Ottone - KalingaStone engineered marble, Series-2, 304 x 125 cm slab. Cream & Beige Marble range. AED slab pricing and availability from Sharjah stock.",/kalingastone/marble/ottone,
/kalingastone/marble/romeo,200,Romeo - KalingaStone Marble Slab UAE | Global Classic,"Romeo - KalingaStone engineered marble, Series-2, 304 x 125 cm slab. Cream & Beige Marble range. AED slab pricing and availability from Sharjah stock.",/kalingastone/marble/romeo,
/kalingastone/marble/tiberio,200,Tiberio - KalingaStone Marble Slab UAE | Global Classic,"Tiberio - KalingaStone engineered marble, Series-3, 304 x 125 cm slab. Cream & Beige Marble range. AED slab pricing and availability from Sharjah stock.",/kalingastone/marble/tiberio,
/kalingastone/marble/cleopatra,200,Cleopatra - KalingaStone Marble Slab UAE | Global Classic,"Cleopatra - KalingaStone engineered marble, Series-3, 304 x 125 cm slab. White Marble range. AED slab pricing and availability from Sharjah stock.",/kalingastone/marble/cleopatra,
/kalingastone/marble/gardenia,200,Gardenia - KalingaStone Marble Slab UAE | Global Classic,"Gardenia - KalingaStone engineered marble, Series-3, 304 x 125 cm slab. White Marble range. AED slab pricing and availability from Sharjah stock.",/kalingastone/marble/gardenia,
/kalingastone/marble/luna,200,Luna - KalingaStone Marble Slab UAE | Global Classic,"Luna - KalingaStone engineered marble, Series-3, 304 x 125 cm slab. Cream & Beige Marble range. AED slab pricing and availability from Sharjah stock.",/kalingastone/marble/luna,
/kalingastone/marble/aurelio-nuovo,200,Aurelio Nuovo - KalingaStone Marble Slab UAE,"Aurelio Nuovo - KalingaStone engineered marble, Series-3, 304 x 125 cm slab. White Marble range. AED slab pricing and availability from Sharjah stock.",/kalingastone/marble/aurelio-nuovo,
/kalingastone/marble/minta-flurry,200,Minta Flurry - KalingaStone Marble Slab UAE | Global Classic,"Minta Flurry - KalingaStone engineered marble, Series-3, 304 x 125 cm slab, Microban® option. Grey Marble range. Delivery across the UAE.",/kalingastone/marble/minta-flurry,
/kalingastone/marble/palladio-grey,200,Palladio Grey - KalingaStone Marble Slab UAE,"Palladio Grey - KalingaStone engineered marble, Series-3, 304 x 125 cm slab. Grey Marble range. AED slab pricing and availability from Sharjah stock.",/kalingastone/marble/palladio-grey,
/kalingastone/marble/arcadio,200,Arcadio - KalingaStone Marble Slab UAE | Global Classic,"Arcadio - KalingaStone engineered marble, Series-3, 304 x 125 cm slab. Gold & Emperador Marble range. AED slab pricing and availability from Sharjah stock.",/kalingastone/marble/arcadio,
/kalingastone/marble/grigio-classico,200,Grigio Classico - KalingaStone Marble Slab UAE,"Grigio Classico - KalingaStone engineered marble, Series-3, 304 x 125 cm slab. Grey Marble range. AED slab pricing and availability from Sharjah stock.",/kalingastone/marble/grigio-classico,
/kalingastone/marble/valente,200,Valente - KalingaStone Marble Slab UAE | Global Classic,"Valente - KalingaStone engineered marble, Series-3, 304 x 125 cm slab. Gold & Emperador Marble range. AED slab pricing and availability from Sharjah stock.",/kalingastone/marble/valente,
/kalingastone/marble/grigio-billiame,200,Grigio Billiame - KalingaStone Marble Slab UAE,"Grigio Billiame - KalingaStone engineered marble, Series-3, 304 x 125 cm slab. Grey Marble range. AED slab pricing and availability from Sharjah stock.",/kalingastone/marble/grigio-billiame,
/kalingastone/marble/ottoman-beige,200,Ottoman Beige - KalingaStone Marble Slab UAE,"Ottoman Beige - KalingaStone engineered marble, Series-3, 304 x 125 cm slab, Microban® option. Cream & Beige Marble range. Delivery across the UAE.",/kalingastone/marble/ottoman-beige,
/kalingastone/marble/althea,200,Althea - KalingaStone Marble Slab UAE | Global Classic,"Althea - KalingaStone engineered marble, Series-4, 304 x 125 cm slab, Microban® option. White Marble range. Delivery across the UAE.",/kalingastone/marble/althea,
/kalingastone/marble/fresh-concrete,200,Fresh Concrete - KalingaStone Marble Slab UAE,"Fresh Concrete - KalingaStone engineered marble, Series-4, 304 x 125 cm slab. Cream & Beige Marble range. AED slab pricing and availability from Sharjah stock.",/kalingastone/marble/fresh-concrete,
/kalingastone/marble/alyssa,200,Alyssa - KalingaStone Marble Slab UAE | Global Classic,"Alyssa - KalingaStone engineered marble, Series-4, 304 x 125 cm slab. Grey Marble range. AED slab pricing and availability from Sharjah stock.",/kalingastone/marble/alyssa,
/kalingastone/marble/camelia,200,Camelia - KalingaStone Marble Slab UAE | Global Classic,"Camelia - KalingaStone engineered marble, Series-4, 304 x 125 cm slab. Cream & Beige Marble range. AED slab pricing and availability from Sharjah stock.",/kalingastone/marble/camelia,
/kalingastone/marble/dantea,200,Dantea - KalingaStone Marble Slab UAE | Global Classic,"Dantea - KalingaStone engineered marble, Series-4, 304 x 125 cm slab, Microban® option. Cream & Beige Marble range. Delivery across the UAE.",/kalingastone/marble/dantea,
/kalingastone/marble/sleek-concrete,200,Sleek Concrete - KalingaStone Marble Slab UAE,"Sleek Concrete - KalingaStone engineered marble, Series-4, 304 x 125 cm slab. Grey Marble range. AED slab pricing and availability from Sharjah stock.",/kalingastone/marble/sleek-concrete,
/kalingastone/marble/emperador-chiara,200,Emperador Chiara - KalingaStone Marble Slab UAE,"Emperador Chiara - KalingaStone engineered marble, Series-4, 304 x 125 cm slab. Gold & Emperador Marble range. Delivery across the UAE.",/kalingastone/marble/emperador-chiara,
/kalingastone/marble/emperador-scuro,200,Emperador Scuro - KalingaStone Marble Slab UAE,"Emperador Scuro - KalingaStone engineered marble, Series-4, 304 x 125 cm slab. Gold & Emperador Marble range. Delivery across the UAE.",/kalingastone/marble/emperador-scuro,
/kalingastone/marble/majestic-grey,200,Majestic Grey - KalingaStone Marble Slab UAE,"Majestic Grey - KalingaStone engineered marble, Series-4, 304 x 125 cm slab. Grey Marble range. AED slab pricing and availability from Sharjah stock.",/kalingastone/marble/majestic-grey,
/kalingastone/marble/amelia,200,Amelia - KalingaStone Marble Slab UAE | Global Classic,"Amelia - KalingaStone engineered marble, Series-5A, 304 x 125 cm slab, Microban® option. White Marble range. Delivery across the UAE.",/kalingastone/marble/amelia,
/kalingastone/marble/bianco-thassos,200,Bianco Thassos - KalingaStone Marble Slab UAE,"Bianco Thassos - KalingaStone engineered marble, Series-5B, 304 x 125 cm slab. White Marble range. AED slab pricing and availability from Sharjah stock.",/kalingastone/marble/bianco-thassos,
